P1 Number of NaNs,P2 Number of NaNs,Prior,P1 Alg,P2 Alg,Time Horizon,Agent Alg,Market Share for P1,P1 Regret Mean,P1 Regret Std,P2 Regret Mean,P2 Regret Std,Abs Average Delta Regret,Memory Size
1,3,Needle In Haystack Medium,ThompsonSampling,DynamicEpsilonGreedy,1000,HardMax,0.10023670531787286,0.024728080679982157,0.011786174068501029,0.029815044086431989,0.020481278139105163,0.021213328907587294,10
1,3,Needle In Haystack Medium,ThompsonSampling,DynamicEpsilonGreedy,3000,HardMax,0.31168492602958814,0.019297211982055612,0.011542730611767039,0.026031297606037614,0.021045163218587279,0.023113304164094142,10
1,3,Needle In Haystack Medium,ThompsonSampling,DynamicEpsilonGreedy,5000,HardMax,0.52674770091963219,0.016590142389365677,0.011026092831458081,0.022768184798401061,0.020287325685303642,0.021239505640673322,10
16,14,Needle In Haystack Medium,ThompsonSampling,DynamicEpsilonGreedy,1000,HardMax,0.096868452618952411,0.026048456363427452,0.011714694832704212,0.026150601263387217,0.02058301698702002,0.023122928123053402,25
11,11,Needle In Haystack Medium,ThompsonSampling,DynamicEpsilonGreedy,3000,HardMax,0.28590803678528592,0.021016767656020185,0.012564163329179029,0.02231088779136562,0.020389592679977326,0.022319431949621188,25
9,11,Needle In Haystack Medium,ThompsonSampling,DynamicEpsilonGreedy,5000,HardMax,0.50797600959616152,0.016900096433068428,0.012268710941361954,0.019900575689295888,0.019862208717686465,0.021489228978277181,25
22,29,Needle In Haystack Medium,ThompsonSampling,DynamicEpsilonGreedy,1000,HardMax,0.10764334266293481,0.024042888740638802,0.013759244972022902,0.029062315036096936,0.019235232347503378,0.023461143000008844,100
20,26,Needle In Haystack Medium,ThompsonSampling,DynamicEpsilonGreedy,3000,HardMax,0.31485645741703316,0.019209888312559639,0.01445900012841567,0.024994684664812684,0.019500394961303638,0.026505573888726153,100
17,22,Needle In Haystack Medium,ThompsonSampling,DynamicEpsilonGreedy,5000,HardMax,0.52862534986005583,0.0167873145275537,0.01462989344195431,0.023082731644608362,0.019059512652599728,0.02726523098910269,100
2,3,Needle In Haystack Medium,ThompsonSampling,DynamicGreedy,1000,HardMax,0.10801439424230307,0.023512415511427968,0.012223930051383291,0.026852773765530365,0.023696583647731716,0.025673520142429841,10
2,2,Needle In Haystack Medium,ThompsonSampling,DynamicGreedy,3000,HardMax,0.33381367453018801,0.017500663586371947,0.010289659650900108,0.026817312264843959,0.024430348122348795,0.02636131861095381,10
1,2,Needle In Haystack Medium,ThompsonSampling,DynamicGreedy,5000,HardMax,0.58968412634946021,0.01346351820489511,0.0086334438917351399,0.026880237043272717,0.024534685541728062,0.026548671196968337,10
15,14,Needle In Haystack Medium,ThompsonSampling,DynamicGreedy,1000,HardMax,0.096634946021591381,0.023377852134329739,0.012136443756642631,0.027552034233750043,0.023634494780159998,0.025294782268558271,25
12,14,Needle In Haystack Medium,ThompsonSampling,DynamicGreedy,3000,HardMax,0.30012475009996009,0.018081436371364126,0.012057019972542861,0.027290000592075297,0.024185084187435108,0.027039459254826714,25
9,11,Needle In Haystack Medium,ThompsonSampling,DynamicGreedy,5000,HardMax,0.49860375849660132,0.015823199196234261,0.012305622805336076,0.027308637779152434,0.024208431674532897,0.028193022308146742,25
29,32,Needle In Haystack Medium,ThompsonSampling,DynamicGreedy,1000,HardMax,0.10008956417433029,0.023045352895509214,0.013818827896843761,0.030306151465505426,0.023080761170580184,0.025643882538582113,100
25,25,Needle In Haystack Medium,ThompsonSampling,DynamicGreedy,3000,HardMax,0.30601999200319868,0.019193084669706307,0.014465273156181244,0.030708641375937196,0.023137919254516474,0.027111410448529067,100
23,25,Needle In Haystack Medium,ThompsonSampling,DynamicGreedy,5000,HardMax,0.50939944022391048,0.017200994823683396,0.015118363033090864,0.030566278671577067,0.023248530050902078,0.028608070081465049,100
2,2,Needle In Haystack Medium,DynamicGreedy,DynamicEpsilonGreedy,1000,HardMax,0.097738504598160719,0.03082517613266569,0.023379781384868643,0.025436910793315112,0.020164517952835279,0.022657389619866686,10
2,2,Needle In Haystack Medium,DynamicGreedy,DynamicEpsilonGreedy,3000,HardMax,0.26708996401439422,0.030326991210959379,0.023882960265524149,0.020410760247736429,0.019859856784577294,0.023792764008830368,10
1,2,Needle In Haystack Medium,DynamicGreedy,DynamicEpsilonGreedy,5000,HardMax,0.43081647341063573,0.029701461660415214,0.024109935245525096,0.017210655696841094,0.018445266879227436,0.024781111608786301,10
14,10,Needle In Haystack Medium,DynamicGreedy,DynamicEpsilonGreedy,1000,HardMax,0.096514994002399032,0.029159034005174011,0.023798438438864478,0.026680332804511826,0.020434553276672322,0.027638057521500666,25
10,10,Needle In Haystack Medium,DynamicGreedy,DynamicEpsilonGreedy,3000,HardMax,0.27448380647740905,0.02912013709681641,0.024089479105432111,0.021697125271964081,0.020041535271286232,0.029886717824656562,25
7,8,Needle In Haystack Medium,DynamicGreedy,DynamicEpsilonGreedy,5000,HardMax,0.44539144342263087,0.028481847165406395,0.024209842328601842,0.019333801043727027,0.019939375854687032,0.030914521701764956,25
30,23,Needle In Haystack Medium,DynamicGreedy,DynamicEpsilonGreedy,1000,HardMax,0.093156337465014005,0.028774949601645141,0.021878045468215174,0.028876691670113235,0.019443897638634182,0.02055824989149875,100
28,20,Needle In Haystack Medium,DynamicGreedy,DynamicEpsilonGreedy,3000,HardMax,0.2870771691323471,0.029304996477232476,0.022603689665808585,0.024291221016990525,0.019892565211545334,0.023385679596512114,100
27,19,Needle In Haystack Medium,DynamicGreedy,DynamicEpsilonGreedy,5000,HardMax,0.48560735705717711,0.028724707356767014,0.023081807571421975,0.022339505771184213,0.020280977856088213,0.024150862724080131,100
0,0,Needle In Haystack Medium,ThompsonSampling,DynamicEpsilonGreedy,1000,HardMaxWithRandom,0.094509396241503396,0.023373133951366021,0.012154678692364647,0.023291325474967716,0.019921064680724535,0.019968835943960872,10
0,0,Needle In Haystack Medium,ThompsonSampling,DynamicEpsilonGreedy,3000,HardMaxWithRandom,0.30257017193122748,0.016462228062673209,0.011177849223432587,0.019700388359931237,0.019658727739607362,0.019401149896431314,10
0,0,Needle In Haystack Medium,ThompsonSampling,DynamicEpsilonGreedy,5000,HardMaxWithRandom,0.50435345861655334,0.013252110624330396,0.010033541634492825,0.016921589248966674,0.018800549837682447,0.017165108296434119,10
0,0,Needle In Haystack Medium,ThompsonSampling,DynamicEpsilonGreedy,1000,HardMaxWithRandom,0.10489884046381445,0.02342441392595505,0.011960158761903249,0.027792094640134102,0.021175943355248014,0.02306244412973291,25
0,0,Needle In Haystack Medium,ThompsonSampling,DynamicEpsilonGreedy,3000,HardMaxWithRandom,0.31769852059176334,0.016631516303959152,0.010623636554734556,0.02454622393806764,0.021055373853044717,0.022226663691097628,25
0,0,Needle In Haystack Medium,ThompsonSampling,DynamicEpsilonGreedy,5000,HardMaxWithRandom,0.54181367453018792,0.012671179912652642,0.0093705421439733184,0.022301393557540787,0.0206661374803668,0.020998113735773007,25
0,0,Needle In Haystack Medium,ThompsonSampling,DynamicEpsilonGreedy,1000,HardMaxWithRandom,0.097082766893242689,0.025341992348699174,0.011406922771209648,0.025925824142962763,0.020473792462216738,0.021423308525515359,100
0,0,Needle In Haystack Medium,ThompsonSampling,DynamicEpsilonGreedy,3000,HardMaxWithRandom,0.32247261095561769,0.018681427336317415,0.011130723123794662,0.023114641254227193,0.021103525450996453,0.023076089765604806,100
0,0,Needle In Haystack Medium,ThompsonSampling,DynamicEpsilonGreedy,5000,HardMaxWithRandom,0.56865253898440615,0.01470105399978967,0.010063736100487473,0.021999118125034189,0.021222712176994327,0.022010118509052396,100
0,0,Needle In Haystack Medium,ThompsonSampling,DynamicGreedy,1000,HardMaxWithRandom,0.10189204318272689,0.024077292267760248,0.011334966475698557,0.030071857934276303,0.02390882489707458,0.024770020706617692,10
0,0,Needle In Haystack Medium,ThompsonSampling,DynamicGreedy,3000,HardMaxWithRandom,0.31865333866453427,0.017604166026651772,0.01043945635763047,0.030024084337480265,0.024285405974808646,0.027351324317664509,10
0,0,Needle In Haystack Medium,ThompsonSampling,DynamicGreedy,5000,HardMaxWithRandom,0.54040303878448626,0.013833693883812559,0.0096914210588044166,0.029836655607395159,0.024302777417928287,0.02842050338929113,10
0,0,Needle In Haystack Medium,ThompsonSampling,DynamicGreedy,1000,HardMaxWithRandom,0.10451979208316672,0.022212276328814232,0.011575142303339695,0.026548665116614311,0.024169043912634854,0.025821057249989395,25
0,0,Needle In Haystack Medium,ThompsonSampling,DynamicGreedy,3000,HardMaxWithRandom,0.31684126349460212,0.016863398847935723,0.010474706012043058,0.026420320633308448,0.024734096747941327,0.027400058903661109,25
0,0,Needle In Haystack Medium,ThompsonSampling,DynamicGreedy,5000,HardMaxWithRandom,0.53129468212714914,0.013654585990739314,0.0092065263821468554,0.026414249385541051,0.024822614082839759,0.027389434618295405,25
0,0,Needle In Haystack Medium,ThompsonSampling,DynamicGreedy,1000,HardMaxWithRandom,0.10384166333466614,0.024531566104530292,0.011822899303621561,0.027802058626360579,0.022955551603781765,0.02334438190236901,100
0,0,Needle In Haystack Medium,ThompsonSampling,DynamicGreedy,3000,HardMaxWithRandom,0.3188868452618952,0.018045415777451349,0.01183646556812412,0.026387687720417049,0.024318812943945865,0.028335582688704022,100
0,0,Needle In Haystack Medium,ThompsonSampling,DynamicGreedy,5000,HardMaxWithRandom,0.5547684926029588,0.014335235604833253,0.010624251188063984,0.025977685098114239,0.024481987266101065,0.028479774065227462,100
0,0,Needle In Haystack Medium,DynamicGreedy,DynamicEpsilonGreedy,1000,HardMaxWithRandom,0.098562175129947999,0.028766773225917398,0.024222229582703491,0.022489992159006905,0.019821219215872418,0.026708268934715028,10
0,0,Needle In Haystack Medium,DynamicGreedy,DynamicEpsilonGreedy,3000,HardMaxWithRandom,0.2797201119552179,0.028794199364340037,0.024537367179627189,0.017778940464716775,0.019041121042138183,0.027797265045470511,10
0,0,Needle In Haystack Medium,DynamicGreedy,DynamicEpsilonGreedy,5000,HardMaxWithRandom,0.46610795681727307,0.028796590404948103,0.024607120680779856,0.015503952240931896,0.018142200790253867,0.028564914769493608,10
0,0,Needle In Haystack Medium,DynamicGreedy,DynamicEpsilonGreedy,1000,HardMaxWithRandom,0.093260295881647345,0.03141762062340217,0.02304496935517724,0.025687246774047979,0.021427928891949242,0.027206356926647891,25
0,0,Needle In Haystack Medium,DynamicGreedy,DynamicEpsilonGreedy,3000,HardMaxWithRandom,0.28102678928428626,0.031308264408935138,0.023820177011968275,0.02145461127434448,0.020469870768467281,0.027127047129226322,25
0,0,Needle In Haystack Medium,DynamicGreedy,DynamicEpsilonGreedy,5000,HardMaxWithRandom,0.45523230707716916,0.031267299984015152,0.023960804856806669,0.018584759984654302,0.01946870760620734,0.027991694722591245,25
0,0,Needle In Haystack Medium,DynamicGreedy,DynamicEpsilonGreedy,1000,HardMaxWithRandom,0.090194322271091559,0.029242859730980893,0.022642729280472822,0.023925061663549844,0.019780318935164284,0.021161544734436627,100
0,0,Needle In Haystack Medium,DynamicGreedy,DynamicEpsilonGreedy,3000,HardMaxWithRandom,0.26675249900039982,0.028555069996793862,0.024299622883463462,0.018957065948627651,0.019752393207133141,0.023471498880199344,100
0,0,Needle In Haystack Medium,DynamicGreedy,DynamicEpsilonGreedy,5000,HardMaxWithRandom,0.42883806477409031,0.028488258153347986,0.024484400896614134,0.016451975079545596,0.019093193464324632,0.024152412442191198,100
0,0,Needle In Haystack Medium,ThompsonSampling,DynamicEpsilonGreedy,1000,SoftMax,0.10131147540983608,0.02355598616220753,0.01171994259442658,0.026979112957248662,0.021086346520961072,0.020182207826866458,10
0,0,Needle In Haystack Medium,ThompsonSampling,DynamicEpsilonGreedy,3000,SoftMax,0.30504758096761292,0.01810408688622395,0.010723546302056132,0.022778366787630573,0.020739725910146018,0.020135183900181604,10
0,0,Needle In Haystack Medium,ThompsonSampling,DynamicEpsilonGreedy,5000,SoftMax,0.5082063174730107,0.014861634672175477,0.0099563520017425158,0.019787378434189075,0.01960132175372983,0.018405944422392122,10
0,0,Needle In Haystack Medium,ThompsonSampling,DynamicEpsilonGreedy,1000,SoftMax,0.10009916033586566,0.024140219369441124,0.01350064404457073,0.024655414710655632,0.020624007392409691,0.021501338070643836,25
0,0,Needle In Haystack Medium,ThompsonSampling,DynamicEpsilonGreedy,3000,SoftMax,0.30353938424630145,0.017450954076448394,0.010983590442137821,0.018939974962409078,0.018907840652521431,0.017659424643303251,25
0,0,Needle In Haystack Medium,ThompsonSampling,DynamicEpsilonGreedy,5000,SoftMax,0.50363214714114346,0.014070987129719964,0.0099200991681091064,0.016066191773147429,0.017977582983137574,0.015161588215444319,25
0,0,Needle In Haystack Medium,ThompsonSampling,DynamicEpsilonGreedy,1000,SoftMax,0.098614954018392639,0.027121028359484833,0.01222768934948292,0.02730298756733935,0.020838229124384839,0.019076669865177465,100
0,0,Needle In Haystack Medium,ThompsonSampling,DynamicEpsilonGreedy,3000,SoftMax,0.30205677728908437,0.020309344464713878,0.012249959680799791,0.022797924260554363,0.02048031858175314,0.017978429800060782,100
0,0,Needle In Haystack Medium,ThompsonSampling,DynamicEpsilonGreedy,5000,SoftMax,0.50750419832067173,0.016542977450878647,0.010994570119231106,0.020296263907238023,0.019820032848659064,0.017326037303648689,100
0,0,Needle In Haystack Medium,ThompsonSampling,DynamicGreedy,1000,SoftMax,0.099048380647740908,0.024782180982751208,0.011460781054482972,0.025344932377958641,0.02448483753750029,0.026452181362271638,10
0,0,Needle In Haystack Medium,ThompsonSampling,DynamicGreedy,3000,SoftMax,0.30338584566173527,0.017200796723587344,0.0097545121822929532,0.025243814866932238,0.024822688505584299,0.027412164394015986,10
0,0,Needle In Haystack Medium,ThompsonSampling,DynamicGreedy,5000,SoftMax,0.51404238304678129,0.013303455812843052,0.0086420008149530395,0.025225515540390559,0.024890385272895509,0.026940684048332785,10
0,0,Needle In Haystack Medium,ThompsonSampling,DynamicGreedy,1000,SoftMax,0.10130507796881247,0.022960363066217532,0.011719057862987985,0.027929233459347027,0.024018932819298355,0.023945200916129315,25
0,0,Needle In Haystack Medium,ThompsonSampling,DynamicGreedy,3000,SoftMax,0.30623430627748904,0.016652600480129662,0.011073062974786401,0.027607920314228207,0.024514857276343938,0.02482088523233408,25
0,0,Needle In Haystack Medium,ThompsonSampling,DynamicGreedy,5000,SoftMax,0.51873970411835257,0.012965710534489919,0.0094226898288345858,0.027435260690398026,0.024622880748683264,0.025198961665499169,25
0,0,Needle In Haystack Medium,ThompsonSampling,DynamicGreedy,1000,SoftMax,0.10162974810075968,0.024313648645893395,0.012363967387169231,0.031127566420132743,0.023764130342707076,0.02616781364306088,100
0,0,Needle In Haystack Medium,ThompsonSampling,DynamicGreedy,3000,SoftMax,0.31402319072371043,0.018133452194916105,0.012021077632178393,0.030888164411847989,0.024063335105186344,0.027296276724713953,100
0,0,Needle In Haystack Medium,ThompsonSampling,DynamicGreedy,5000,SoftMax,0.5307285085965614,0.014705861102475071,0.011005247794623637,0.030851958532317321,0.024156686295794587,0.028262002965775607,100
0,0,Needle In Haystack Medium,DynamicGreedy,DynamicEpsilonGreedy,1000,SoftMax,0.098994002399040382,0.026189240588520568,0.024523214004038656,0.022384446586300497,0.020857125311394081,0.030376795145190046,10
0,0,Needle In Haystack Medium,DynamicGreedy,DynamicEpsilonGreedy,3000,SoftMax,0.29320431827269089,0.026050866089450835,0.024819329515715506,0.019263021214045828,0.020108431079156365,0.027905640326734951,10
0,0,Needle In Haystack Medium,DynamicGreedy,DynamicEpsilonGreedy,5000,SoftMax,0.48687405037984804,0.026030403954432721,0.024882617832549272,0.0168803908168936,0.018774884210064329,0.027155145173336399,10
0,0,Needle In Haystack Medium,DynamicGreedy,DynamicEpsilonGreedy,1000,SoftMax,0.09885805677728908,0.02833543641654827,0.024152844335751888,0.024298508560660979,0.020596967414287029,0.027105045591753616,25
0,0,Needle In Haystack Medium,DynamicGreedy,DynamicEpsilonGreedy,3000,SoftMax,0.28918672530987605,0.028102919464520135,0.024580101990522095,0.01879119926453281,0.019169140442880921,0.029510020573953036,25
0,0,Needle In Haystack Medium,DynamicGreedy,DynamicEpsilonGreedy,5000,SoftMax,0.48059016393442622,0.028064687555352217,0.024669924894462979,0.015852686719967899,0.018035289143907465,0.029648088275752549,25
0,0,Needle In Haystack Medium,DynamicGreedy,DynamicEpsilonGreedy,1000,SoftMax,0.099377848860455795,0.02930504771437617,0.023787897277642849,0.026829215344618698,0.020674095430555366,0.025112818718944059,100
0,0,Needle In Haystack Medium,DynamicGreedy,DynamicEpsilonGreedy,3000,SoftMax,0.29460055977608957,0.028765743511853042,0.024294447514200616,0.022319500069156568,0.020461692565651706,0.027084756336348565,100
0,0,Needle In Haystack Medium,DynamicGreedy,DynamicEpsilonGreedy,5000,SoftMax,0.48291723310675722,0.028604250978823822,0.024456662968961394,0.019002271520048478,0.01920210586617423,0.028483549052367867,100
5,2,Needle In Haystack High,ThompsonSampling,DynamicEpsilonGreedy,1000,HardMax,0.095699320271891236,0.050493517003175468,0.053791475743062159,0.065890764075936539,0.081178779667586354,0.093257616006446512,10
2,1,Needle In Haystack High,ThompsonSampling,DynamicEpsilonGreedy,3000,HardMax,0.31482606957217107,0.030174909763517818,0.049169093323361925,0.052317668809057256,0.07589992684078388,0.068142692506662411,10
1,1,Needle In Haystack High,ThompsonSampling,DynamicEpsilonGreedy,5000,HardMax,0.52822550979608152,0.021796319980767635,0.042079859042254794,0.04781801745846978,0.0733815246736923,0.05789489340535775,10
12,21,Needle In Haystack High,ThompsonSampling,DynamicEpsilonGreedy,1000,HardMax,0.10334746101559375,0.054619836608556356,0.059201562543405535,0.071128416401483582,0.082784634347383285,0.11298805000477606,25
9,17,Needle In Haystack High,ThompsonSampling,DynamicEpsilonGreedy,3000,HardMax,0.33824070371851267,0.037548436173344739,0.058794379725409476,0.066634559819951561,0.082685743990597999,0.09945639907155536,25
8,16,Needle In Haystack High,ThompsonSampling,DynamicEpsilonGreedy,5000,HardMax,0.57486445421831267,0.033631822215193924,0.058512051519396792,0.066302839063844779,0.084907014908987111,0.097460302122835712,25
34,29,Needle In Haystack High,ThompsonSampling,DynamicEpsilonGreedy,1000,HardMax,0.10400799680127949,0.050244227755839491,0.069661362914204703,0.075391548531893379,0.082630033522130428,0.14815183965784731,100
34,29,Needle In Haystack High,ThompsonSampling,DynamicEpsilonGreedy,3000,HardMax,0.31508836465413831,0.044039309724243546,0.072645080270110726,0.072027318057768991,0.08428133905290805,0.1545625666423642,100
34,29,Needle In Haystack High,ThompsonSampling,DynamicEpsilonGreedy,5000,HardMax,0.52499320271891237,0.042533954276390493,0.073406654820313916,0.069137343570458212,0.083893108975831049,0.15276481173686424,100
4,9,Needle In Haystack High,ThompsonSampling,DynamicGreedy,1000,HardMax,0.11807756897241103,0.041584217083768658,0.051166405934105763,0.087989952593255441,0.095536730658200772,0.10894674542864144,10
1,4,Needle In Haystack High,ThompsonSampling,DynamicGreedy,3000,HardMax,0.37536985205917633,0.025878274003221364,0.045279378427484647,0.083404302405424152,0.096153369326954327,0.10337941098694231,10
1,3,Needle In Haystack High,ThompsonSampling,DynamicGreedy,5000,HardMax,0.6478400639744103,0.017744230605360251,0.038900668575931038,0.082310275029944896,0.096297828234080562,0.096385938822286882,10
17,21,Needle In Haystack High,ThompsonSampling,DynamicGreedy,1000,HardMax,0.1104406237504998,0.0476037547669102,0.060038898364071003,0.088596123865793172,0.094825754861235872,0.12756936341701677,25
10,15,Needle In Haystack High,ThompsonSampling,DynamicGreedy,3000,HardMax,0.35165453818472614,0.036902341453772573,0.062181505974295483,0.088821155427879994,0.096306758376890469,0.11812094369066721,25
9,13,Needle In Haystack High,ThompsonSampling,DynamicGreedy,5000,HardMax,0.60081727309076383,0.031240637981763377,0.059142068040367979,0.086706709226034281,0.09612882417303624,0.11462514390891246,25
25,34,Needle In Haystack High,ThompsonSampling,DynamicGreedy,1000,HardMax,0.11507077169132346,0.05061178875130326,0.06289267317906265,0.089291794173487524,0.091687054913881808,0.13358537050755789,100
23,34,Needle In Haystack High,ThompsonSampling,DynamicGreedy,3000,HardMax,0.35383286685325865,0.040114030709952876,0.063320295795328108,0.084742965448073387,0.09182458348950899,0.13350180395761585,100
22,34,Needle In Haystack High,ThompsonSampling,DynamicGreedy,5000,HardMax,0.59833186725309884,0.035641862089977015,0.062323999653575067,0.084276215222783293,0.092113528308425396,0.13618100995817656,100
5,8,Needle In Haystack High,DynamicGreedy,DynamicEpsilonGreedy,1000,HardMax,0.090981207516993193,0.075196901773530708,0.090797030502293638,0.054391170293531292,0.071666140426144678,0.10988290559746136,10
1,6,Needle In Haystack High,DynamicGreedy,DynamicEpsilonGreedy,3000,HardMax,0.2634786085565774,0.074353881110516204,0.093363457833417582,0.040500732237404385,0.064629694481872266,0.10697334902563359,10
1,4,Needle In Haystack High,DynamicGreedy,DynamicEpsilonGreedy,5000,HardMax,0.44197041183526597,0.073056697331802881,0.093749717205872843,0.037813507337201804,0.064557021073328349,0.10430294881242543,10
25,9,Needle In Haystack High,DynamicGreedy,DynamicEpsilonGreedy,1000,HardMax,0.07955697720911635,0.089431685237641959,0.095004640313169589,0.058235846869609899,0.074667363506735196,0.11768857204807831,25
19,5,Needle In Haystack High,DynamicGreedy,DynamicEpsilonGreedy,3000,HardMax,0.22554018392642938,0.08932176965226811,0.096027748364161794,0.052027179069949449,0.074882453027675711,0.11942493339799146,25
15,4,Needle In Haystack High,DynamicGreedy,DynamicEpsilonGreedy,5000,HardMax,0.37686685325869651,0.089855220805508215,0.096369358398199115,0.049120063947007353,0.07336306549292694,0.1207897059236946,25
37,27,Needle In Haystack High,DynamicGreedy,DynamicEpsilonGreedy,1000,HardMax,0.09273250699720112,0.090383533094451615,0.095124810514675043,0.065241360278650601,0.076132358357814539,0.14685883392661234,100
37,23,Needle In Haystack High,DynamicGreedy,DynamicEpsilonGreedy,3000,HardMax,0.27375449820071968,0.086549885592045142,0.09578426140018971,0.06033666798242996,0.076608574627776538,0.14213094676595756,100
37,22,Needle In Haystack High,DynamicGreedy,DynamicEpsilonGreedy,5000,HardMax,0.4562558976409436,0.085083789954967973,0.095276201818703041,0.059496858555255223,0.077960627334752911,0.13824642557958527,100
0,0,Needle In Haystack High,ThompsonSampling,DynamicEpsilonGreedy,1000,HardMaxWithRandom,0.11041023590563775,0.032181183424837501,0.030112633613064144,0.061009389871997624,0.075159255701902197,0.064238514655335449,10
0,0,Needle In Haystack High,ThompsonSampling,DynamicEpsilonGreedy,3000,HardMaxWithRandom,0.3410363854458216,0.011047276938576859,0.0065048780262065876,0.035489663780122582,0.055583524581615196,0.030181073083902957,10
0,0,Needle In Haystack High,ThompsonSampling,DynamicEpsilonGreedy,5000,HardMaxWithRandom,0.56022710915633744,0.0069867754522799242,0.0033432743296197367,0.023440793171171356,0.0377311078237886,0.018241695022396257,10
0,0,Needle In Haystack High,ThompsonSampling,DynamicEpsilonGreedy,1000,HardMaxWithRandom,0.11477489004398241,0.034544514320222583,0.03754807009170795,0.069719306503766065,0.083005218444385132,0.081191611934840452,25
0,0,Needle In Haystack High,ThompsonSampling,DynamicEpsilonGreedy,3000,HardMaxWithRandom,0.35937624950020003,0.012772179121433492,0.017307657476240319,0.051422512779277695,0.074950219786863045,0.050361421019892647,25
0,0,Needle In Haystack High,ThompsonSampling,DynamicEpsilonGreedy,5000,HardMaxWithRandom,0.60048140743702505,0.0069646974448030379,0.0060741220216614924,0.040083472287134832,0.065720807511731691,0.036116515572512893,25
0,0,Needle In Haystack High,ThompsonSampling,DynamicEpsilonGreedy,1000,HardMaxWithRandom,0.11363934426229508,0.049240848724307971,0.049894855836061826,0.073894056596959967,0.07938839751189139,0.094566070248095394,100
0,0,Needle In Haystack High,ThompsonSampling,DynamicEpsilonGreedy,3000,HardMaxWithRandom,0.35537145141943216,0.022599880315029838,0.033013247141368378,0.059058939213902512,0.077878780982467685,0.066770337090743551,100
0,0,Needle In Haystack High,ThompsonSampling,DynamicEpsilonGreedy,5000,HardMaxWithRandom,0.6017449020391844,0.012154734913761098,0.022896606381239165,0.052156242846582275,0.07678106886895178,0.053024996711876868,100
0,0,Needle In Haystack High,ThompsonSampling,DynamicGreedy,1000,HardMaxWithRandom,0.1235281887245102,0.027935638147390401,0.03156880564720986,0.098399625417695785,0.097350201405960776,0.10648262651297438,10
0,0,Needle In Haystack High,ThompsonSampling,DynamicGreedy,3000,HardMaxWithRandom,0.38750099960015993,0.010530320032009507,0.017465591326605457,0.096803819188415602,0.098838761793291291,0.10014070039708167,10
0,0,Needle In Haystack High,ThompsonSampling,DynamicGreedy,5000,HardMaxWithRandom,0.65947221111555376,0.0072368904822724487,0.017154462671556542,0.09624331063000037,0.099301097233856231,0.098913975983340563,10
0,0,Needle In Haystack High,ThompsonSampling,DynamicGreedy,1000,HardMaxWithRandom,0.11830467812874849,0.03784594743960959,0.045267547768139904,0.091075911171233356,0.095387725181720007,0.10871912770625618,25
0,0,Needle In Haystack High,ThompsonSampling,DynamicGreedy,3000,HardMaxWithRandom,0.38417592962814873,0.013690986568530832,0.024583764649045218,0.085246535376429192,0.097191012920464226,0.091626528635790863,25
0,0,Needle In Haystack High,ThompsonSampling,DynamicGreedy,5000,HardMaxWithRandom,0.65990883646541398,0.0069030107090759102,0.0069938676497353835,0.081483502931132323,0.09632152340851248,0.083732471539967615,25
0,0,Needle In Haystack High,ThompsonSampling,DynamicGreedy,1000,HardMaxWithRandom,0.12594002399040383,0.040204413557694857,0.043304739300921151,0.10049699340931655,0.092781800464582231,0.1082968613791358,100
0,0,Needle In Haystack High,ThompsonSampling,DynamicGreedy,3000,HardMaxWithRandom,0.40566973210715712,0.018559051596169909,0.032323155500215396,0.095237336677796672,0.096918437368978996,0.10499982283890751,100
0,0,Needle In Haystack High,ThompsonSampling,DynamicGreedy,5000,HardMaxWithRandom,0.68764334266293492,0.012440953271103112,0.028173037667467638,0.092630167641232955,0.097943282776522533,0.099582839362450007,100
0,0,Needle In Haystack High,DynamicGreedy,DynamicEpsilonGreedy,1000,HardMaxWithRandom,0.093581767293082749,0.062445082002234316,0.089703501420673515,0.045654409877996315,0.067569003472102956,0.083374450246764431,10
0,0,Needle In Haystack High,DynamicGreedy,DynamicEpsilonGreedy,3000,HardMaxWithRandom,0.2669316273490604,0.06116662222970308,0.091158320977697826,0.025603600614007922,0.045646472727512308,0.074825415570214146,10
0,0,Needle In Haystack High,DynamicGreedy,DynamicEpsilonGreedy,5000,HardMaxWithRandom,0.43356417433026795,0.059889284074462167,0.090623299820681277,0.018455762696709923,0.034015449978614574,0.069423248714021182,10
0,0,Needle In Haystack High,DynamicGreedy,DynamicEpsilonGreedy,1000,HardMaxWithRandom,0.091630547780887667,0.074795014584844915,0.093206657102158155,0.049984256682839102,0.068300386031765234,0.095768598219572385,25
0,0,Needle In Haystack High,DynamicGreedy,DynamicEpsilonGreedy,3000,HardMaxWithRandom,0.25047740903638543,0.06965261036140942,0.093438059162491136,0.031053204516304656,0.056265899083851774,0.089698067738118753,25
0,0,Needle In Haystack High,DynamicGreedy,DynamicEpsilonGreedy,5000,HardMaxWithRandom,0.41588324670131954,0.066669216999368133,0.092621980804713441,0.02679429412986296,0.052694017162491079,0.084893354457931058,25
0,0,Needle In Haystack High,DynamicGreedy,DynamicEpsilonGreedy,1000,HardMaxWithRandom,0.095633746501399441,0.065047983402996043,0.083805345522325506,0.054858767661541678,0.06981175253332926,0.1035175347174285,100
0,0,Needle In Haystack High,DynamicGreedy,DynamicEpsilonGreedy,3000,HardMaxWithRandom,0.28959136345461811,0.052684034390701524,0.085043589985887846,0.038017674230890412,0.06258159987757643,0.082898426216464094,100
0,0,Needle In Haystack High,DynamicGreedy,DynamicEpsilonGreedy,5000,HardMaxWithRandom,0.46773130747700914,0.051336022289410678,0.086049397546006587,0.030689683675661307,0.05909594415866453,0.076121728847760264,100
0,0,Needle In Haystack High,ThompsonSampling,DynamicEpsilonGreedy,1000,SoftMax,0.1054138344662135,0.024518505819218821,0.015014849402914343,0.048367123897693862,0.069023508963232783,0.04631403377709075,10
0,0,Needle In Haystack High,ThompsonSampling,DynamicEpsilonGreedy,3000,SoftMax,0.31197121151539381,0.010231742241127665,0.004781019313144029,0.023979672840433116,0.036179079570809937,0.018282737584018126,10
0,0,Needle In Haystack High,ThompsonSampling,DynamicEpsilonGreedy,5000,SoftMax,0.51521311475409826,0.0067165989547446729,0.0029648264198044159,0.017314242102310404,0.027065860797994303,0.01183411732058638,10
0,0,Needle In Haystack High,ThompsonSampling,DynamicEpsilonGreedy,1000,SoftMax,0.10375849660135945,0.028331188768431645,0.027555333508444239,0.041244993063040393,0.06268290313444011,0.046279362737639176,25
0,0,Needle In Haystack High,ThompsonSampling,DynamicEpsilonGreedy,3000,SoftMax,0.31699960015993606,0.011520486077032696,0.014651297996159615,0.023454740055439575,0.041703683691505553,0.020450343886772197,25
0,0,Needle In Haystack High,ThompsonSampling,DynamicEpsilonGreedy,5000,SoftMax,0.52404798080767678,0.0072947313259014478,0.0067552626003311083,0.016911205297081729,0.028919987998161149,0.012662249056961627,25
0,0,Needle In Haystack High,ThompsonSampling,DynamicEpsilonGreedy,1000,SoftMax,0.10234146341463414,0.030957931737575901,0.022250698552286896,0.040202781794485498,0.059776042962974431,0.042679967077101484,100
0,0,Needle In Haystack High,ThompsonSampling,DynamicEpsilonGreedy,3000,SoftMax,0.31473330667732902,0.011804601672468164,0.0059359427723887394,0.026772640244257306,0.049122620346440347,0.022278207773366886,100
0,0,Needle In Haystack High,ThompsonSampling,DynamicEpsilonGreedy,5000,SoftMax,0.52346101559376257,0.0076769077925787762,0.0035702080682886812,0.019222030173699479,0.03478177874405973,0.014026265219366573,100
0,0,Needle In Haystack High,ThompsonSampling,DynamicGreedy,1000,SoftMax,0.10451499400239904,0.024862524273929824,0.01946138856388422,0.056141537563862268,0.086402250622109461,0.066728530648061682,10
0,0,Needle In Haystack High,ThompsonSampling,DynamicGreedy,3000,SoftMax,0.32940903638544577,0.009454173598147585,0.0056326828036477004,0.052899890412277675,0.086445333561894391,0.056680474537931284,10
0,0,Needle In Haystack High,ThompsonSampling,DynamicGreedy,5000,SoftMax,0.55064854058376644,0.0060960767869381507,0.0032633615831312917,0.052144541285697871,0.086709287536369278,0.05460642364916854,10
0,0,Needle In Haystack High,ThompsonSampling,DynamicGreedy,1000,SoftMax,0.11617433026789285,0.025707047028155447,0.025144230498782175,0.094507203870402026,0.097211423923194942,0.097117976575372661,25
0,0,Needle In Haystack High,ThompsonSampling,DynamicGreedy,3000,SoftMax,0.36194322271091561,0.0095763876497179951,0.006607362066821932,0.088617966665252235,0.09713913389791097,0.089425415332694241,25
0,0,Needle In Haystack High,ThompsonSampling,DynamicGreedy,5000,SoftMax,0.60934186325469797,0.0061308437090515817,0.0037100272531212725,0.087609144634460651,0.097858761005798517,0.088126689408124639,25
0,0,Needle In Haystack High,ThompsonSampling,DynamicGreedy,1000,SoftMax,0.10531147540983607,0.02783162211213714,0.024666819464367846,0.067447302253945254,0.092000096195534856,0.078529314404082201,100
0,0,Needle In Haystack High,ThompsonSampling,DynamicGreedy,3000,SoftMax,0.34167772890843667,0.010137410682961279,0.0062228111167049452,0.066134284812388172,0.093203179125579586,0.069971086038517524,100
0,0,Needle In Haystack High,ThompsonSampling,DynamicGreedy,5000,SoftMax,0.57863894442223107,0.0065922072492825201,0.0036959480508297862,0.065532633400019802,0.093018497557155522,0.068068144163465946,100
0,0,Needle In Haystack High,DynamicGreedy,DynamicEpsilonGreedy,1000,SoftMax,0.094571771291483434,0.069885162665772327,0.09044034813230338,0.04834750799938372,0.067694685751261377,0.084532161386956253,10
0,0,Needle In Haystack High,DynamicGreedy,DynamicEpsilonGreedy,3000,SoftMax,0.27345701719312288,0.063343737182708623,0.090408840746029007,0.0252662096448085,0.040636919828019848,0.072078948238656987,10
0,0,Needle In Haystack High,DynamicGreedy,DynamicEpsilonGreedy,5000,SoftMax,0.45222710915633746,0.062220779351513412,0.091002807528079863,0.01896751307527858,0.031620908589942598,0.06941965196884281,10
0,0,Needle In Haystack High,DynamicGreedy,DynamicEpsilonGreedy,1000,SoftMax,0.092348660535785665,0.07688621383749851,0.095005291135601549,0.033851884527825712,0.050369914690059289,0.079573251660850303,25
0,0,Needle In Haystack High,DynamicGreedy,DynamicEpsilonGreedy,3000,SoftMax,0.25595041983206718,0.07463170885199058,0.095520063065439156,0.016692727434048465,0.026683231555964162,0.078007727385801293,25
0,0,Needle In Haystack High,DynamicGreedy,DynamicEpsilonGreedy,5000,SoftMax,0.42178488604558179,0.074164617894835277,0.095871097481162279,0.012810882164324853,0.019317474476861957,0.077136330980582146,25
0,0,Needle In Haystack High,DynamicGreedy,DynamicEpsilonGreedy,1000,SoftMax,0.098429428228708551,0.063114686597361261,0.089568791756365507,0.047433033449758806,0.065615807606455398,0.08688491070391971,100
0,0,Needle In Haystack High,DynamicGreedy,DynamicEpsilonGreedy,3000,SoftMax,0.27684766093562579,0.057730129142364771,0.087991994339333732,0.02451573515904568,0.04056757294803344,0.070055540580730241,100
0,0,Needle In Haystack High,DynamicGreedy,DynamicEpsilonGreedy,5000,SoftMax,0.45410795681727306,0.055069895255073345,0.087046111711738927,0.018796269288815753,0.034614940152959295,0.063764815492503249,100
28,14,Heavy Tail,ThompsonSampling,DynamicEpsilonGreedy,1000,HardMax,0.093911235505797677,0.10078257884759462,0.2035735355693046,0.08246358581899961,0.14459149144611097,0.19422286228502852,10
22,14,Heavy Tail,ThompsonSampling,DynamicEpsilonGreedy,3000,HardMax,0.30589844062375038,0.077850608936218799,0.19504084529376298,0.069761179675393636,0.13266853667688028,0.15641520534393255,10
21,12,Heavy Tail,ThompsonSampling,DynamicEpsilonGreedy,5000,HardMax,0.50734106357457021,0.076034061891014401,0.19622556796308846,0.065780691226693069,0.13329038254747816,0.14979340745095313,10
39,25,Heavy Tail,ThompsonSampling,DynamicEpsilonGreedy,1000,HardMax,0.079849660135945619,0.1443536816368024,0.26482354471951863,0.059102936755610368,0.12057091731054038,0.25425916859075565,25
38,22,Heavy Tail,ThompsonSampling,DynamicEpsilonGreedy,3000,HardMax,0.24243262694922033,0.14060680833268777,0.26828469191950455,0.071736923172528499,0.15428927849257765,0.26984221979362277,25
37,22,Heavy Tail,ThompsonSampling,DynamicEpsilonGreedy,5000,HardMax,0.40829268292682924,0.13629198121813724,0.26821382727289056,0.07136533026049631,0.15440473308474695,0.26466194083101069,25
42,34,Heavy Tail,ThompsonSampling,DynamicEpsilonGreedy,1000,HardMax,0.092441423430627737,0.10459247023386661,0.19499815650968388,0.10153981429678563,0.20389586533679355,0.31036262156533795,100
40,34,Heavy Tail,ThompsonSampling,DynamicEpsilonGreedy,3000,HardMax,0.27797201119552184,0.099687115707122895,0.19464615952033579,0.097664572361924301,0.2050245102900948,0.30286945338478888,100
40,34,Heavy Tail,ThompsonSampling,DynamicEpsilonGreedy,5000,HardMax,0.46349780087964809,0.098781442258975075,0.19507631510792486,0.096913025673558154,0.20527809471372929,0.30330923499447043,100
17,12,Heavy Tail,ThompsonSampling,DynamicGreedy,1000,HardMax,0.095628948420631743,0.072577814993943737,0.15560760491465153,0.090129744241018911,0.19497635594798302,0.17777250383087018,10
11,11,Heavy Tail,ThompsonSampling,DynamicGreedy,3000,HardMax,0.30302439024390243,0.066869997562450545,0.1538613442103291,0.088037788141506562,0.19802777270287331,0.16674598716944092,10
11,11,Heavy Tail,ThompsonSampling,DynamicGreedy,5000,HardMax,0.5202463014794082,0.063212668115736656,0.15399327029277843,0.085784758817543438,0.19770586922672223,0.1615719581217378,10
38,27,Heavy Tail,ThompsonSampling,DynamicGreedy,1000,HardMax,0.084622151139544188,0.084254012473746101,0.16126803244830404,0.089765684587033268,0.1905308055092263,0.24178005016465129,25
37,27,Heavy Tail,ThompsonSampling,DynamicGreedy,3000,HardMax,0.26347381047580964,0.073424730769868413,0.15828891085666696,0.088855741306285208,0.19091401618508427,0.23290096767209126,25
36,27,Heavy Tail,ThompsonSampling,DynamicGreedy,5000,HardMax,0.44445421831267479,0.069945261978543255,0.1576695692754016,0.088556896088347103,0.19104058217229355,0.23119218627784693,25
49,35,Heavy Tail,ThompsonSampling,DynamicGreedy,1000,HardMax,0.08215753698520592,0.089965273373753221,0.16282280670853266,0.089765623146884702,0.18910086138023691,0.27701616288532654,100
48,35,Heavy Tail,ThompsonSampling,DynamicGreedy,3000,HardMax,0.2463846461415434,0.085703706301089894,0.16463451813953642,0.088745061193107225,0.18950420706957069,0.27909861856734369,100
48,35,Heavy Tail,ThompsonSampling,DynamicGreedy,5000,HardMax,0.41600959616153538,0.081929320635271821,0.1648851143279956,0.088545491112983238,0.18958833899744931,0.27571033178951732,100
10,6,Heavy Tail,DynamicGreedy,DynamicEpsilonGreedy,1000,HardMax,0.10088764494202318,0.10003050047188032,0.20346576132033897,0.089632504730305415,0.16527957645850086,0.17689502896923184,10
9,5,Heavy Tail,DynamicGreedy,DynamicEpsilonGreedy,3000,HardMax,0.30179448220711719,0.08309021320453884,0.19039632348212418,0.078635859454368837,0.16303100573029009,0.15394688049210523,10
5,4,Heavy Tail,DynamicGreedy,DynamicEpsilonGreedy,5000,HardMax,0.50949380247900844,0.08848743400879501,0.19608249117167212,0.065093404440429548,0.15431731855359798,0.14443733203217243,10
19,25,Heavy Tail,DynamicGreedy,DynamicEpsilonGreedy,1000,HardMax,0.11047261095561775,0.094360514562294009,0.19618704283736926,0.081997176374975458,0.1749193492805666,0.18454536893677712,25
19,22,Heavy Tail,DynamicGreedy,DynamicEpsilonGreedy,3000,HardMax,0.31583686525389854,0.091647315227216836,0.19683336908735785,0.071820851126752169,0.16992320419084325,0.1780453896676828,25
18,18,Heavy Tail,DynamicGreedy,DynamicEpsilonGreedy,5000,HardMax,0.51907077169132354,0.09060051592948043,0.1961903655028831,0.076996417217912075,0.18039885844633896,0.179187094817572,25
27,34,Heavy Tail,DynamicGreedy,DynamicEpsilonGreedy,1000,HardMax,0.10792163134746101,0.12406321115244763,0.25645705228112892,0.1194788396344536,0.22945573921731155,0.31904190507246544,100
26,32,Heavy Tail,DynamicGreedy,DynamicEpsilonGreedy,3000,HardMax,0.33196961215513798,0.12822777674508967,0.25948107017558719,0.11694036858374331,0.22816022849595122,0.31550206618130616,100
26,31,Heavy Tail,DynamicGreedy,DynamicEpsilonGreedy,5000,HardMax,0.56440143942423038,0.12813305194802199,0.25952711410580726,0.11753779548295004,0.22729332492456908,0.31119628858344567,100
0,0,Heavy Tail,ThompsonSampling,DynamicEpsilonGreedy,1000,HardMaxWithRandom,0.10556577369052379,0.024832527046072757,0.051357421897131314,0.049009711946824727,0.075418894262081163,0.051209805043543589,10
0,0,Heavy Tail,ThompsonSampling,DynamicEpsilonGreedy,3000,HardMaxWithRandom,0.36101879248300678,0.00533751039060583,0.0046355954455184062,0.037905056695318018,0.060461703603051864,0.033435359816272103,10
0,0,Heavy Tail,ThompsonSampling,DynamicEpsilonGreedy,5000,HardMaxWithRandom,0.60733466613354659,0.0034293687415029592,0.0026954700321187505,0.029761204445173849,0.050354980795859636,0.026585708963620648,10
0,0,Heavy Tail,ThompsonSampling,DynamicEpsilonGreedy,1000,HardMaxWithRandom,0.095373050779688134,0.050243572332302727,0.073152193360543072,0.044216286238621776,0.061291892339320905,0.069195918891670052,25
0,0,Heavy Tail,ThompsonSampling,DynamicEpsilonGreedy,3000,HardMaxWithRandom,0.35420871651339464,0.0059475881386326845,0.0055198511927108413,0.028751991014091174,0.036824933257358541,0.024395764244328526,25
0,0,Heavy Tail,ThompsonSampling,DynamicEpsilonGreedy,5000,HardMaxWithRandom,0.61486605357856849,0.0038325860029080725,0.0038406610480880808,0.024529811994164898,0.028587713353861649,0.021163543328838214,25
0,0,Heavy Tail,ThompsonSampling,DynamicEpsilonGreedy,1000,HardMaxWithRandom,0.10463174730107958,0.06010640291266349,0.074859946859251736,0.070879901257709668,0.088509872319530003,0.10423063920559165,100
0,0,Heavy Tail,ThompsonSampling,DynamicEpsilonGreedy,3000,HardMaxWithRandom,0.33083566573370654,0.017507624656895555,0.02975571372612389,0.045458511064826138,0.062883407826085799,0.047160316335979349,100
0,0,Heavy Tail,ThompsonSampling,DynamicEpsilonGreedy,5000,HardMaxWithRandom,0.59662694922031201,0.0049987758196030343,0.0091714842052874369,0.03527736789864834,0.051552863820044058,0.032954923690213613,100
0,0,Heavy Tail,ThompsonSampling,DynamicGreedy,1000,HardMaxWithRandom,0.11048380647740903,0.017825922612125688,0.023429290940768795,0.056158934416379556,0.10655170780671532,0.063256072082954515,10
0,0,Heavy Tail,ThompsonSampling,DynamicGreedy,3000,HardMaxWithRandom,0.34274610155937624,0.0061100736945061277,0.0055974352575883677,0.04919347192823479,0.10121894355780445,0.050242775920635085,10
0,0,Heavy Tail,ThompsonSampling,DynamicGreedy,5000,HardMaxWithRandom,0.57843262694922037,0.0040927994198721226,0.0046573713663536206,0.048659087816960482,0.10088793237846588,0.049266227803843654,10
0,0,Heavy Tail,ThompsonSampling,DynamicGreedy,1000,HardMaxWithRandom,0.10245501799280286,0.039457287845381696,0.06160680365639918,0.057407118228686306,0.10627185390762681,0.088861158309852556,25
0,0,Heavy Tail,ThompsonSampling,DynamicGreedy,3000,HardMaxWithRandom,0.3229092363054778,0.0087389910234810329,0.016089960065212142,0.051006912849825461,0.10477685622635642,0.056921902076433065,25
0,0,Heavy Tail,ThompsonSampling,DynamicGreedy,5000,HardMaxWithRandom,0.55198240703718515,0.0044017530643607446,0.0043151992467999663,0.050617782869965301,0.10425701457210661,0.053214148107728683,25
0,0,Heavy Tail,ThompsonSampling,DynamicGreedy,1000,HardMaxWithRandom,0.090850059976009576,0.06011310812117325,0.071237941904254823,0.054756261415439308,0.096616126868126206,0.099230490380961919,100
0,0,Heavy Tail,ThompsonSampling,DynamicGreedy,3000,HardMaxWithRandom,0.28713954418232701,0.021679677585356112,0.02763145815534539,0.040627351435331388,0.088522407490510213,0.057706042991682943,100
0,0,Heavy Tail,ThompsonSampling,DynamicGreedy,5000,HardMaxWithRandom,0.50970651739304285,0.0086018656652972307,0.012954706718035999,0.036750296024399554,0.087671818179414995,0.042373063082550871,100
0,0,Heavy Tail,DynamicGreedy,DynamicEpsilonGreedy,1000,HardMaxWithRandom,0.11257097161135544,0.026103093046679054,0.070298053271347138,0.03995859114536468,0.06625978659634077,0.047069384308790797,10
0,0,Heavy Tail,DynamicGreedy,DynamicEpsilonGreedy,3000,HardMaxWithRandom,0.33106277489004393,0.023309583607716896,0.069643169273314917,0.023999286400268827,0.027727484465811792,0.036502375135582452,10
0,0,Heavy Tail,DynamicGreedy,DynamicEpsilonGreedy,5000,HardMaxWithRandom,0.5412123150739705,0.022983365476771163,0.06975988237139287,0.021098964673058985,0.020854602138990513,0.035206289709067105,10
0,0,Heavy Tail,DynamicGreedy,DynamicEpsilonGreedy,1000,HardMaxWithRandom,0.10212075169932025,0.055447503215616534,0.093703005158775457,0.053688791248498992,0.087923923136267776,0.081890620458790961,25
0,0,Heavy Tail,DynamicGreedy,DynamicEpsilonGreedy,3000,HardMaxWithRandom,0.31280127948820469,0.04932077144202008,0.093273228625376861,0.036258853289234401,0.073384559167873786,0.067546573629712545,25
0,0,Heavy Tail,DynamicGreedy,DynamicEpsilonGreedy,5000,HardMaxWithRandom,0.5146629348260694,0.048281461836047111,0.092325057558436813,0.025599698670860045,0.037085438157826535,0.059983669140602602,25
0,0,Heavy Tail,DynamicGreedy,DynamicEpsilonGreedy,1000,HardMaxWithRandom,0.10953698520591765,0.060792480105412057,0.093148912483651994,0.059621012629719521,0.090696842192320479,0.081337384190585824,100
0,0,Heavy Tail,DynamicGreedy,DynamicEpsilonGreedy,3000,HardMaxWithRandom,0.33802319072371045,0.046651749144144564,0.08633436386804795,0.036572383324332769,0.046409072907895019,0.060255312171242532,100
0,0,Heavy Tail,DynamicGreedy,DynamicEpsilonGreedy,5000,HardMaxWithRandom,0.5712722910835667,0.04272236411689935,0.085029884328869917,0.028316775665975513,0.033233599001468932,0.055245073659671282,100
0,0,Heavy Tail,ThompsonSampling,DynamicEpsilonGreedy,1000,SoftMax,0.10590803678528589,0.014747866091973651,0.010748969670951512,0.034784220124156266,0.049315776202802343,0.02783096271595719,10
0,0,Heavy Tail,ThompsonSampling,DynamicEpsilonGreedy,3000,SoftMax,0.31960015993602564,0.0060385712337286818,0.004594195539325714,0.024804595346707582,0.035763955649734801,0.020336333852711996,10
0,0,Heavy Tail,ThompsonSampling,DynamicEpsilonGreedy,5000,SoftMax,0.53189284286285476,0.0039613878549745974,0.0029815002201735237,0.020028278351860149,0.019621884588350298,0.01655910749626658,10
0,0,Heavy Tail,ThompsonSampling,DynamicEpsilonGreedy,1000,SoftMax,0.10456297481007597,0.015808350059574421,0.016142113987571968,0.033554797429289296,0.045399504270380926,0.027401031209086459,25
0,0,Heavy Tail,ThompsonSampling,DynamicEpsilonGreedy,3000,SoftMax,0.31758016793282695,0.0065004293275120204,0.0074227114025175569,0.023989076771446433,0.026440607027875828,0.019943486661571724,25
0,0,Heavy Tail,ThompsonSampling,DynamicEpsilonGreedy,5000,SoftMax,0.53062614954018394,0.0042830510672013326,0.0044025032106436582,0.020889625336302398,0.017080329538797828,0.01776017121868545,25
0,0,Heavy Tail,ThompsonSampling,DynamicEpsilonGreedy,1000,SoftMax,0.10428308676529388,0.016215059173622429,0.011981269692910943,0.046363712423345159,0.075214337221989266,0.038567478070495841,100
0,0,Heavy Tail,ThompsonSampling,DynamicEpsilonGreedy,3000,SoftMax,0.31944502199120356,0.0067873428566356886,0.0054403680294948875,0.026757905883423701,0.029958768684712589,0.022035873962955192,100
0,0,Heavy Tail,ThompsonSampling,DynamicEpsilonGreedy,5000,SoftMax,0.52893722510995589,0.0045188663737149078,0.0036480209054079549,0.022201814517314018,0.023246379572049412,0.018714948064750884,100
0,0,Heavy Tail,ThompsonSampling,DynamicGreedy,1000,SoftMax,0.10661655337864853,0.013314473558554012,0.014125676968102288,0.036386062327358845,0.070376331314567844,0.037999244121630978,10
0,0,Heavy Tail,ThompsonSampling,DynamicGreedy,3000,SoftMax,0.322797281087565,0.0056072541446081552,0.0068228112515184517,0.034016568471695451,0.070884530759004985,0.034592494673035851,10
0,0,Heavy Tail,ThompsonSampling,DynamicGreedy,5000,SoftMax,0.5416441423430628,0.003683038191211263,0.0041425580794511706,0.033596316944741085,0.071030792041409302,0.03399296378562263,10
0,0,Heavy Tail,ThompsonSampling,DynamicGreedy,1000,SoftMax,0.10523630547780886,0.01735204942400104,0.021695499056312493,0.045172063160668699,0.09392286056289656,0.051947618483377395,25
0,0,Heavy Tail,ThompsonSampling,DynamicGreedy,3000,SoftMax,0.32226629348260688,0.0066714472511531257,0.0063996493987379041,0.04009114470416246,0.090281636090569273,0.042426953345581199,25
0,0,Heavy Tail,ThompsonSampling,DynamicGreedy,5000,SoftMax,0.54217193122750906,0.0043126389340630653,0.0039188325043601124,0.038234928703894583,0.085551786285763889,0.039632641235809951,25
0,0,Heavy Tail,ThompsonSampling,DynamicGreedy,1000,SoftMax,0.10260695721711317,0.013102101391354622,0.0089826955830978137,0.041648206515418715,0.088507199861618577,0.045715969181266761,100
0,0,Heavy Tail,ThompsonSampling,DynamicGreedy,3000,SoftMax,0.3217896841263494,0.0054755570485452701,0.0046817196508239425,0.038724146881026419,0.088654660993329304,0.040059045714098102,100
0,0,Heavy Tail,ThompsonSampling,DynamicGreedy,5000,SoftMax,0.54326589364254296,0.0036151867257245393,0.0032905854509771839,0.038311079692142758,0.088799570609380235,0.039159487918311482,100
0,0,Heavy Tail,DynamicGreedy,DynamicEpsilonGreedy,1000,SoftMax,0.10461895241903241,0.023232994218834457,0.0560794110570738,0.03384265300744628,0.055811487893991853,0.038775735847154776,10
0,0,Heavy Tail,DynamicGreedy,DynamicEpsilonGreedy,3000,SoftMax,0.30533066773290679,0.0207748214630286,0.055544854472537361,0.020396367883219812,0.013871476190470597,0.031593969824922449,10
0,0,Heavy Tail,DynamicGreedy,DynamicEpsilonGreedy,5000,SoftMax,0.50785125949620169,0.020342775827752235,0.055610295892286644,0.018334832448579017,0.010279714955210245,0.031265409902449713,10
0,0,Heavy Tail,DynamicGreedy,DynamicEpsilonGreedy,1000,SoftMax,0.10205837664934025,0.023727124695037887,0.056496535469163563,0.027560652146288486,0.027871535211426667,0.030028450051312734,25
0,0,Heavy Tail,DynamicGreedy,DynamicEpsilonGreedy,3000,SoftMax,0.30289484206317474,0.022002410145976078,0.055021255378328533,0.020080940938295384,0.013341434370172583,0.03088199321830977,25
0,0,Heavy Tail,DynamicGreedy,DynamicEpsilonGreedy,5000,SoftMax,0.50011195521791274,0.02164216435079273,0.054672345105267722,0.018145942702032566,0.010016446181173656,0.030884013834937402,25
0,0,Heavy Tail,DynamicGreedy,DynamicEpsilonGreedy,1000,SoftMax,0.098715713714514208,0.045156304899893959,0.092533247471768054,0.029397917911100621,0.038220396126479129,0.054370618782729106,100
0,0,Heavy Tail,DynamicGreedy,DynamicEpsilonGreedy,3000,SoftMax,0.29058776489404237,0.041475107884096335,0.091075740588604057,0.022680046027565577,0.021512497088571225,0.052124370121418739,100
0,0,Heavy Tail,DynamicGreedy,DynamicEpsilonGreedy,5000,SoftMax,0.48208236705317881,0.040850526127752237,0.091170094872681101,0.020764657658478854,0.019330197710028401,0.051712906022594825,100
7,8,Uniform,ThompsonSampling,DynamicEpsilonGreedy,1000,HardMax,0.09996321471411436,0.050803249371704419,0.063162583375775239,0.058885325279285514,0.083601643963618744,0.086669051473209288,10
4,7,Uniform,ThompsonSampling,DynamicEpsilonGreedy,3000,HardMax,0.30818712514994001,0.033177174301814341,0.05907142883539452,0.041784337573706122,0.070891367573319042,0.062065477046518019,10
3,6,Uniform,ThompsonSampling,DynamicEpsilonGreedy,5000,HardMax,0.51642223110755681,0.030842767936153363,0.059578749022707302,0.036044192153017483,0.065707193644681361,0.056582083434156376,10
20,18,Uniform,ThompsonSampling,DynamicEpsilonGreedy,1000,HardMax,0.10201839264294282,0.038748856434343587,0.057020935132713731,0.0525685295518575,0.077669832296753213,0.079287792914312011,25
17,15,Uniform,ThompsonSampling,DynamicEpsilonGreedy,3000,HardMax,0.28565373850459813,0.030567772664416921,0.056150598939021322,0.043490108908628804,0.072427633807083738,0.067563742451623221,25
14,14,Uniform,ThompsonSampling,DynamicEpsilonGreedy,5000,HardMax,0.48261655337864839,0.02783728685133445,0.054045202661868207,0.041783894829555024,0.073290055563552337,0.064293452141523572,25
33,34,Uniform,ThompsonSampling,DynamicEpsilonGreedy,1000,HardMax,0.10372491003598561,0.044369763943657665,0.075312690388282505,0.067868667525498486,0.090823890926466921,0.1189243112541141,100
32,34,Uniform,ThompsonSampling,DynamicEpsilonGreedy,3000,HardMax,0.3185749700119952,0.038566189253681375,0.076333456156030016,0.062414587747899,0.090849985748548967,0.12801421398473536,100
30,34,Uniform,ThompsonSampling,DynamicEpsilonGreedy,5000,HardMax,0.53605597760895629,0.043898359461882808,0.094652176966331339,0.060401453554248974,0.091536889137561903,0.1364961668963027,100
5,4,Uniform,ThompsonSampling,DynamicGreedy,1000,HardMax,0.097249100359856039,0.043063262085564789,0.05052461342160066,0.047502840731139112,0.075119721762083105,0.070053335752766746,10
2,3,Uniform,ThompsonSampling,DynamicGreedy,3000,HardMax,0.32570971611355459,0.030413094577093361,0.063238860948038225,0.043251168860107755,0.071570372830572229,0.060950407963230743,10
2,1,Uniform,ThompsonSampling,DynamicGreedy,5000,HardMax,0.56914514194322274,0.020725620181879661,0.056410275615864612,0.04213863698944055,0.071285164099379655,0.054031581872927496,10
16,29,Uniform,ThompsonSampling,DynamicGreedy,1000,HardMax,0.11406797281087565,0.042115367758369757,0.058927068156175974,0.059732163833561364,0.086668021983955276,0.09659057703295823,25
11,25,Uniform,ThompsonSampling,DynamicGreedy,3000,HardMax,0.33048220711715309,0.034013684402871308,0.064398671191980894,0.052414220109828318,0.079861845740996501,0.084117096209076064,25
10,24,Uniform,ThompsonSampling,DynamicGreedy,5000,HardMax,0.56182007197121142,0.025237174144779946,0.052187706745702368,0.050703258205469108,0.079282661739507529,0.074082434330624822,25
42,28,Uniform,ThompsonSampling,DynamicGreedy,1000,HardMax,0.10213674530187923,0.039940920755291438,0.075295028514569248,0.065605920670982962,0.10514792147833311,0.12610141452163592,100
40,27,Uniform,ThompsonSampling,DynamicGreedy,3000,HardMax,0.31272770891643342,0.032820817581869478,0.07659563099168705,0.067262298665087053,0.10692938288388386,0.12855940870314658,100
40,26,Uniform,ThompsonSampling,DynamicGreedy,5000,HardMax,0.5260055977608955,0.030023866549884773,0.076937445288745229,0.067175441189147783,0.10644415284088485,0.12717747130484328,100
1,7,Uniform,DynamicGreedy,DynamicEpsilonGreedy,1000,HardMax,0.098242303078768481,0.047702068488360505,0.08038209327157804,0.040178040530260674,0.055021745031897745,0.069641649885347934,10
1,3,Uniform,DynamicGreedy,DynamicEpsilonGreedy,3000,HardMax,0.28687085165933629,0.042869162929230722,0.078939859460948544,0.02953282855430155,0.04879585846653061,0.059452420169263276,10
1,3,Uniform,DynamicGreedy,DynamicEpsilonGreedy,5000,HardMax,0.46541863254698118,0.041565566838571752,0.078603644775299283,0.023944287540069251,0.040680162099656782,0.055169068642438923,10
20,16,Uniform,DynamicGreedy,DynamicEpsilonGreedy,1000,HardMax,0.09540023990403837,0.058409688364727853,0.089035952293718218,0.053364996681085929,0.090272678532119233,0.10168286206603794,25
17,14,Uniform,DynamicGreedy,DynamicEpsilonGreedy,3000,HardMax,0.28056297481007603,0.0562291547778122,0.088739908519283164,0.047540127507319792,0.09258937085849353,0.1006305433782694,25
17,14,Uniform,DynamicGreedy,DynamicEpsilonGreedy,5000,HardMax,0.45699320271891242,0.051325820053641918,0.082381678233076683,0.048652626399165171,0.097618553806743738,0.099254578668207347,25
30,27,Uniform,DynamicGreedy,DynamicEpsilonGreedy,1000,HardMax,0.094733306677329071,0.056849389955432629,0.086208008089740176,0.062630426204504652,0.093632089660908621,0.11504980809452801,100
29,24,Uniform,DynamicGreedy,DynamicEpsilonGreedy,3000,HardMax,0.27932826869252303,0.05599537561739109,0.08607248262292945,0.055291827324942013,0.092580488594389734,0.11250618124321735,100
28,23,Uniform,DynamicGreedy,DynamicEpsilonGreedy,5000,HardMax,0.46647101159536175,0.05576276030571669,0.085604133274977123,0.053915746963613398,0.092933769304888544,0.11147246067013401,100
0,0,Uniform,ThompsonSampling,DynamicEpsilonGreedy,1000,HardMaxWithRandom,0.099886445421831269,0.027672987901843527,0.025423914600756277,0.032110782395279786,0.047297789962566339,0.035026631189129055,10
0,0,Uniform,ThompsonSampling,DynamicEpsilonGreedy,3000,HardMaxWithRandom,0.31249260295881648,0.013187085187197993,0.011500398867066636,0.019065221027629281,0.02456877657061407,0.017199699052600159,10
0,0,Uniform,ThompsonSampling,DynamicEpsilonGreedy,5000,HardMaxWithRandom,0.51984646141543378,0.0089690345655916784,0.0072630273941931816,0.016156162854749485,0.022082877770389673,0.013313321018201858,10
0,0,Uniform,ThompsonSampling,DynamicEpsilonGreedy,1000,HardMaxWithRandom,0.094784486205517812,0.037599935377405025,0.041649766595495609,0.038909860211802837,0.06717825615271536,0.051215435234907444,25
0,0,Uniform,ThompsonSampling,DynamicEpsilonGreedy,3000,HardMaxWithRandom,0.31212315073970415,0.014643347342827904,0.015165630319970294,0.02457111125534156,0.04720009349477422,0.022785375445481992,25
0,0,Uniform,ThompsonSampling,DynamicEpsilonGreedy,5000,HardMaxWithRandom,0.5140327868852459,0.0097513440882082605,0.0086574140479013049,0.016725190047888996,0.022217429309343589,0.013397933378462294,25
0,0,Uniform,ThompsonSampling,DynamicEpsilonGreedy,1000,HardMaxWithRandom,0.10205037984806077,0.046666152612873497,0.051848457286212943,0.059985305892060463,0.080811442800813357,0.073090761142129979,100
0,0,Uniform,ThompsonSampling,DynamicEpsilonGreedy,3000,HardMaxWithRandom,0.31203518592562973,0.026742667527166725,0.037974278537484085,0.045870944362591044,0.077069136859568607,0.05568509861520262,100
0,0,Uniform,ThompsonSampling,DynamicEpsilonGreedy,5000,HardMaxWithRandom,0.53244142343062761,0.018331696927265519,0.030249701578924187,0.03864276846124301,0.072502740978094032,0.044822686411650707,100
0,0,Uniform,ThompsonSampling,DynamicGreedy,1000,HardMaxWithRandom,0.10166333466613356,0.025632771328587288,0.019631534954389442,0.03051834868238136,0.05999395747056524,0.039238153906859599,10
0,0,Uniform,ThompsonSampling,DynamicGreedy,3000,HardMaxWithRandom,0.31270051979208313,0.011966904090629641,0.0075869288450735256,0.027139056078087632,0.059539939283850124,0.030764660699533444,10
0,0,Uniform,ThompsonSampling,DynamicGreedy,5000,HardMaxWithRandom,0.53001359456217512,0.0085522262157428208,0.0056333765671018766,0.026548889595373409,0.059604946406518797,0.028833451466360158,10
0,0,Uniform,ThompsonSampling,DynamicGreedy,1000,HardMaxWithRandom,0.098013594562175149,0.035335646918310731,0.035432685329807,0.045019325876835194,0.073939255664020681,0.061781737809128968,25
0,0,Uniform,ThompsonSampling,DynamicGreedy,3000,HardMaxWithRandom,0.33089004398240712,0.012912486787117164,0.009941430409884008,0.040087057316229135,0.067033336770465926,0.045016051550585662,25
0,0,Uniform,ThompsonSampling,DynamicGreedy,5000,HardMaxWithRandom,0.56619272291083578,0.0084537725572812247,0.005839088713204643,0.037854992980874566,0.064541054675509968,0.040849192827079897,25
0,0,Uniform,ThompsonSampling,DynamicGreedy,1000,HardMaxWithRandom,0.092094362255097942,0.050781627427540936,0.05071210332263109,0.049811952447936035,0.076887955842017436,0.082475546935208033,100
0,0,Uniform,ThompsonSampling,DynamicGreedy,3000,HardMaxWithRandom,0.27147700919632151,0.02751233402721202,0.035786936340181007,0.039617569516056064,0.072456973498032859,0.059184148972074302,100
0,0,Uniform,ThompsonSampling,DynamicGreedy,5000,HardMaxWithRandom,0.49550899640143947,0.014764229892016822,0.021861007410894008,0.037887244089196824,0.071164791604509503,0.047865477392223271,100
0,0,Uniform,DynamicGreedy,DynamicEpsilonGreedy,1000,HardMaxWithRandom,0.097610555777688915,0.040615906926093806,0.070086711382239597,0.029165216902048159,0.045776547594914688,0.05205006150843132,10
0,0,Uniform,DynamicGreedy,DynamicEpsilonGreedy,3000,HardMaxWithRandom,0.28466053578568568,0.035484366137821945,0.062286138656903134,0.020052237606078705,0.030066040460677994,0.042837235334600106,10
0,0,Uniform,DynamicGreedy,DynamicEpsilonGreedy,5000,HardMaxWithRandom,0.47155857656937228,0.034847381931918379,0.062405600416210044,0.017826427872490173,0.028276647225421659,0.042193381344479891,10
0,0,Uniform,DynamicGreedy,DynamicEpsilonGreedy,1000,HardMaxWithRandom,0.11588964414234308,0.029696157554073961,0.070686923868386251,0.042129332878529151,0.059294560038868217,0.060097558589994229,25
0,0,Uniform,DynamicGreedy,DynamicEpsilonGreedy,3000,HardMaxWithRandom,0.31851739304278287,0.024775541243305971,0.062299421349882783,0.021661249337056675,0.033529290555560212,0.037410140092865959,25
0,0,Uniform,DynamicGreedy,DynamicEpsilonGreedy,5000,HardMaxWithRandom,0.51251179528188728,0.023684890884364655,0.061742093056254339,0.016871639991145142,0.024063694975060147,0.032703208429862574,25
0,0,Uniform,DynamicGreedy,DynamicEpsilonGreedy,1000,HardMaxWithRandom,0.094853258696521378,0.072919025150621306,0.095471809334795876,0.043954932692268509,0.05690788354493561,0.081878578067530919,100
0,0,Uniform,DynamicGreedy,DynamicEpsilonGreedy,3000,HardMaxWithRandom,0.26484446221511398,0.063979732337959935,0.093562442471180535,0.030778266153127627,0.051562092879740999,0.074817686594503344,100
0,0,Uniform,DynamicGreedy,DynamicEpsilonGreedy,5000,HardMaxWithRandom,0.43054778088764489,0.060145855767304433,0.091406723171787815,0.025470962886895772,0.044907022142113409,0.068006965420815663,100
0,0,Uniform,ThompsonSampling,DynamicEpsilonGreedy,1000,SoftMax,0.10200239904038386,0.023081271814149429,0.016488795482363129,0.033098169504453163,0.048169042207093983,0.030262346082464059,10
0,0,Uniform,ThompsonSampling,DynamicEpsilonGreedy,3000,SoftMax,0.31022790883646539,0.011129639955408555,0.0072188255861203102,0.022461261859995169,0.029857630024297938,0.01794015294851983,10
0,0,Uniform,ThompsonSampling,DynamicEpsilonGreedy,5000,SoftMax,0.51783606557377049,0.0077927580412084389,0.0049950018040133557,0.019141693202850859,0.026857839435976506,0.014816183873289531,10
0,0,Uniform,ThompsonSampling,DynamicEpsilonGreedy,1000,SoftMax,0.10072770891643341,0.025169605876507194,0.016179323305549852,0.034726226562477078,0.053062898159209802,0.033139445823135896,25
0,0,Uniform,ThompsonSampling,DynamicEpsilonGreedy,3000,SoftMax,0.3063238704518193,0.011928595385226063,0.0093949072645001363,0.020171879618882067,0.025767546373384013,0.016380014022921975,25
0,0,Uniform,ThompsonSampling,DynamicEpsilonGreedy,5000,SoftMax,0.50929228308676533,0.008248589604120048,0.0061268042362688417,0.01583599812476294,0.018959877777850635,0.012099329387837261,25
0,0,Uniform,ThompsonSampling,DynamicEpsilonGreedy,1000,SoftMax,0.10334746101559376,0.022971455432611896,0.017308913180117354,0.031036032150269274,0.045036162054594688,0.028899538907910798,100
0,0,Uniform,ThompsonSampling,DynamicEpsilonGreedy,3000,SoftMax,0.31197760895641752,0.012006687625893239,0.0083215987519131823,0.020976290082786817,0.02716006476871604,0.016589062463390154,100
0,0,Uniform,ThompsonSampling,DynamicEpsilonGreedy,5000,SoftMax,0.51573290683726503,0.0089625832018271727,0.0067871945542672396,0.017494991848339848,0.022536091085752715,0.013673506537484992,100
0,0,Uniform,ThompsonSampling,DynamicGreedy,1000,SoftMax,0.10128108756497402,0.025010919622383127,0.014001080051488179,0.032851228361264889,0.063349029290766024,0.041696963239597706,10
0,0,Uniform,ThompsonSampling,DynamicGreedy,3000,SoftMax,0.31275009996001596,0.012096501634503883,0.0077585666244003489,0.031316926804701356,0.063487375479492986,0.035335249544480557,10
0,0,Uniform,ThompsonSampling,DynamicGreedy,5000,SoftMax,0.52551779288284683,0.0087147386515204137,0.0063372727402461297,0.031019328132795822,0.063510424300529278,0.033888832514112038,10
0,0,Uniform,ThompsonSampling,DynamicGreedy,1000,SoftMax,0.1035249900039984,0.024011460317840898,0.019847935978155238,0.047677901856206982,0.072682542612038964,0.051744531359159539,25
0,0,Uniform,ThompsonSampling,DynamicGreedy,3000,SoftMax,0.32597041183526598,0.011415567086808201,0.0091515276351803142,0.044129411391547413,0.068918482488891999,0.045786333042128702,25
0,0,Uniform,ThompsonSampling,DynamicGreedy,5000,SoftMax,0.54828308676529391,0.0079553131738258377,0.0063409246618968415,0.043682997907957793,0.069100654991829366,0.044754037729698624,25
0,0,Uniform,ThompsonSampling,DynamicGreedy,1000,SoftMax,0.10044142343062773,0.02654357947905548,0.021561979542738155,0.036971854921847777,0.063443029037309071,0.044092327384859402,100
0,0,Uniform,ThompsonSampling,DynamicGreedy,3000,SoftMax,0.31752259096361463,0.012188337926905726,0.0092462171133658108,0.035685597816442531,0.064439968126860037,0.038655284596992009,100
0,0,Uniform,ThompsonSampling,DynamicGreedy,5000,SoftMax,0.53860215913634557,0.0083744071771486659,0.0068273157699634572,0.034926044124599133,0.062575572748133634,0.036887591130211159,100
0,0,Uniform,DynamicGreedy,DynamicEpsilonGreedy,1000,SoftMax,0.1014906037584966,0.039768547230912908,0.073881088324581984,0.043202280300764957,0.061720537267140441,0.059599021443916864,10
0,0,Uniform,DynamicGreedy,DynamicEpsilonGreedy,3000,SoftMax,0.29679968012794877,0.036694475962303262,0.072775857490202461,0.027861547743956064,0.036427058851587986,0.048641941768858415,10
0,0,Uniform,DynamicGreedy,DynamicEpsilonGreedy,5000,SoftMax,0.48930347860855661,0.03621261224429978,0.072941018520867665,0.022590789996898033,0.031142338546256611,0.047002218268259524,10
0,0,Uniform,DynamicGreedy,DynamicEpsilonGreedy,1000,SoftMax,0.095878448620551796,0.042591914124447343,0.070148625024059455,0.025719658895185196,0.033775992056297867,0.049009111515182995,25
0,0,Uniform,DynamicGreedy,DynamicEpsilonGreedy,3000,SoftMax,0.28424150339864057,0.039878225916154246,0.069669578397142717,0.017424091614949608,0.021753221388151518,0.044559108363402537,25
0,0,Uniform,DynamicGreedy,DynamicEpsilonGreedy,5000,SoftMax,0.46851179528188719,0.039309096054204622,0.069729162529368019,0.014371436253440312,0.016180326210230991,0.043206938892867475,25
0,0,Uniform,DynamicGreedy,DynamicEpsilonGreedy,1000,SoftMax,0.096035185925629762,0.04763574414496926,0.07563097867113866,0.032863500652859839,0.046452096318120993,0.053730368032886368,100
0,0,Uniform,DynamicGreedy,DynamicEpsilonGreedy,3000,SoftMax,0.28322750899640148,0.045390550476307953,0.076200910146740269,0.023947368128024903,0.038781725297302949,0.051140864856546932,100
0,0,Uniform,DynamicGreedy,DynamicEpsilonGreedy,5000,SoftMax,0.46246781287485006,0.044805596230431288,0.076302501472867656,0.017483382815466908,0.01981108195376196,0.048485775650696616,100
